<?xml version="1.0" encoding="UTF-8"?>
<project-private xmlns="http://www.netbeans.org/ns/project-private/1">
    <editor-bookmarks xmlns="http://www.netbeans.org/ns/editor-bookmarks/2" lastBookmarkId="0"/>
    <open-files xmlns="http://www.netbeans.org/ns/projectui-open-files/2">
        <group>
            <file>file:/C:/Users/joaom/Desktop/po/Projeto/src/BackEnd/ListaViaturas.java</file>
            <file>file:/C:/Users/joaom/Desktop/po/Projeto/src/FrontEnd/JanelaUtente.java</file>
            <file>file:/C:/Users/joaom/Desktop/po/Projeto/src/FrontEnd/JanelaAdmParquesAdd.java</file>
            <file>file:/C:/Users/joaom/Desktop/po/Projeto/src/BackEnd/Sistema.java</file>
            <file>file:/C:/Users/joaom/Desktop/po/Projeto/src/FrontEnd/JanelaSeguranca.java</file>
            <file>file:/C:/Users/joaom/Desktop/po/Projeto/src/FrontEnd/JanelaAdmSegurancaAdd.java</file>
            <file>file:/C:/Users/joaom/Desktop/po/Projeto/src/FrontEnd/JanelaUtenteSolicitarCompra.java</file>
            <file>file:/C:/Users/joaom/Desktop/po/Projeto/src/FrontEnd/JanelaAdmPedidoPendentes.java</file>
            <file>file:/C:/Users/joaom/Desktop/po/Projeto/src/BackEnd/ListaControlo.java</file>
            <file>file:/C:/Users/joaom/Desktop/po/Projeto/src/FrontEnd/JanelaAdmSeguranca.java</file>
            <file>file:/C:/Users/joaom/Desktop/po/Projeto/src/FrontEnd/JanelaAdmParques.java</file>
            <file>file:/C:/Users/joaom/Desktop/po/Projeto/src/FrontEnd/JanelaAdmPedidosRecusados.java</file>
            <file>file:/C:/Users/joaom/Desktop/po/Projeto/src/FrontEnd/Piloto.java</file>
            <file>file:/C:/Users/joaom/Desktop/po/Projeto/src/FrontEnd/JanelaAdmPedidosAtribuidos.java</file>
            <file>file:/C:/Users/joaom/Desktop/po/Projeto/src/BackEnd/EstadoPedido.java</file>
            <file>file:/C:/Users/joaom/Desktop/po/Projeto/src/FrontEnd/JanelaSegurancaSaida.java</file>
            <file>file:/C:/Users/joaom/Desktop/po/Projeto/src/FrontEnd/JanelaUtenteVerEstado.java</file>
            <file>file:/C:/Users/joaom/Desktop/po/Projeto/src/BackEnd/Administrador.java</file>
            <file>file:/C:/Users/joaom/Desktop/po/Projeto/src/FrontEnd/JanelaRegistarUtente.java</file>
            <file>file:/C:/Users/joaom/Desktop/po/Projeto/src/FrontEnd/JanelaAdmPedidos.java</file>
            <file>file:/C:/Users/joaom/Desktop/po/Projeto/src/BackEnd/Parque.java</file>
            <file>file:/C:/Users/joaom/Desktop/po/Projeto/src/FrontEnd/JanelaUtenteDados.java</file>
            <file>file:/C:/Users/joaom/Desktop/po/Projeto/src/FrontEnd/JanelaSegurancaEntrada.java</file>
            <file>file:/C:/Users/joaom/Desktop/po/Projeto/src/FrontEnd/JanelaLogin.java</file>
            <file>file:/C:/Users/joaom/Desktop/po/Projeto/src/BackEnd/EntradaSaida.java</file>
            <file>file:/C:/Users/joaom/Desktop/po/Projeto/src/BackEnd/Utente.java</file>
            <file>file:/C:/Users/joaom/Desktop/po/Projeto/src/FrontEnd/JanelaUtenteAdicionarViatura.java</file>
            <file>file:/C:/Users/joaom/Desktop/po/Projeto/src/FrontEnd/JanelaSegurancaViaturas.java</file>
            <file>file:/C:/Users/joaom/Desktop/po/Projeto/src/FrontEnd/JanelaSegurancaParques.java</file>
            <file>file:/C:/Users/joaom/Desktop/po/Projeto/src/FrontEnd/JanelaAdmInformacoes.java</file>
            <file>file:/C:/Users/joaom/Desktop/po/Projeto/src/Serializacao/Serializacao.java</file>
            <file>file:/C:/Users/joaom/Desktop/po/Projeto/src/FrontEnd/JanelaUtenteSolicitarAssegurado.java</file>
            <file>file:/C:/Users/joaom/Desktop/po/Projeto/src/BackEnd/ListaParques.java</file>
            <file>file:/C:/Users/joaom/Desktop/po/Projeto/src/BackEnd/ListaPedidos.java</file>
            <file>file:/C:/Users/joaom/Desktop/po/Projeto/src/FrontEnd/JanelaSegurancaAcesso.java</file>
            <file>file:/C:/Users/joaom/Desktop/po/Projeto/src/FrontEnd/JanelaAdm.java</file>
            <file>file:/C:/Users/joaom/Desktop/po/Projeto/src/FrontEnd/JanelaAdmUtenteVerDadosAdd.java</file>
            <file>file:/C:/Users/joaom/Desktop/po/Projeto/src/BackEnd/ListaUtilizador.java</file>
        </group>
    </open-files>
</project-private>
